{"stat.useItem.buildcraftfactory.tank":14,"stat.leaveGame":27,"stat.craftItem.thermalfoundation.armor.helmet_platinum":1,"stat.mineBlock.ic2.sapling":1,"stat.drop.ic2.nano_saber":2,"stat.drop.appliedenergistics2.storage_cell_64k":1,"stat.craftItem.galacticraftcore.engine":0,"stat.pickup.galacticraftcore.engine":1,"stat.pickup.galacticraftcore.nose_cone":3,"stat.useItem.appliedenergistics2.fluid_storage_cell_64k":2,"stat.useItem.ic2.electric_wrench":474,"stat.pickup.minecraft.rotten_flesh":3,"stat.mineBlock.galacticraftcore.aluminum_wire":23,"stat.killEntity.Donkey":2,"stat.mineBlock.energycontrol.remote_thermo":2,"stat.killEntity.Enderman":1,"stat.pickup.appliedenergistics2.spatial_pylon":3,"stat.craftItem.buildcrafttransport.pipe_gold_item":16,"stat.useItem.exnihilocreatio.item_material":3,"stat.useItem.minecraft.iron_pickaxe":307,"stat.craftItem.minecraft.wooden_pickaxe":2,"stat.mineBlock.galacticraftcore.view_screen":3,"stat.craftItem.minecraft.glass_pane":0,"stat.mineBlock.minecraft.vine":12,"stat.mineBlock.minecraft.hopper":4,"stat.pickup.thermalfoundation.material":323,"stat.pickup.minecraft.wooden_shovel":2,"stat.furnaceInteraction":65,"stat.craftItem.ic2.te":13,"stat.pickup.minecraft.nether_brick":1,"stat.pickup.buildcrafttransport.pipe_gold_item":24,"stat.useItem.ic2.wind_meter":10,"stat.mineBlock.energyconverters.energy_producer_rf":1,"stat.pickup.galacticraftcore.parachute":1,"stat.mineBlock.appliedenergistics2.crafting_monitor":3,"stat.pickup.ic2.quad_mox_fuel_rod":54,"stat.drop.ic2.cable":82,"stat.mineBlock.thermalexpansion.dynamo":8,"stat.pickup.ic2.misc_resource":104,"stat.mineBlock.thermalexpansion.tank":4,"stat.mineBlock.ic2.leaves":177,"stat.pickup.ic2.filled_tin_can":13,"stat.craftItem.ic2.mining_laser":0,"stat.pickup.minecraft.lever":67,"stat.deaths":6,"stat.useItem.ic2.treetap":16,"stat.pickup.thermalexpansion.tank":4,"stat.craftItem.minecraft.iron_pickaxe":1,"stat.mineBlock.ic2.foam":64,"stat.craftItem.thermalfoundation.armor.boots_silver":1,"stat.pickup.minecraft.item_frame":1,"stat.drop.minecraft.iron_ingot":50,"stat.mineBlock.minecraft.tallgrass":70,"stat.mineBlock.thermalexpansion.machine":11,"stat.chestOpened":20,"stat.useItem.minecraft.splash_potion":2,"stat.useItem.ic2.cable":461,"stat.useItem.minecraft.stone":219,"stat.pickup.minecraft.arrow":2,"stat.pickup.extrautils2.compressedcobblestone":100,"stat.useItem.ic2.upgrade":27,"stat.pickup.thermalexpansion.augment":1,"stat.useItem.minecraft.clay":1,"stat.pickup.galacticraftcore.machine":5,"stat.craftItem.buildcraftbuilders.quarry":0,"stat.crouchOneCm":27112,"stat.craftItem.ic2.cable":0,"stat.mineBlock.minecraft.chest":2,"stat.drop.energycontrol.info_panel":1,"stat.pickup.galacticraftcore.oxygen_gear":1,"stat.craftItem.minecraft.iron_ingot":64,"stat.craftingTableInteraction":129,"stat.pickup.minecraft.repeater":1,"stat.craftItem.thermalfoundation.armor.helmet_silver":1,"stat.mineBlock.minecraft.log2":93,"stat.pickup.minecraft.wooden_pickaxe":2,"stat.craftItem.buildcraftcore.gear_iron":1,"stat.pickup.minecraft.dye":24,"stat.pickup.minecraft.planks":4,"stat.pickup.minecraft.wheat_seeds":7,"stat.pickup.ic2.mining_laser":2,"stat.drop.minecraft.soul_sand":1,"stat.mineBlock.minecraft.glass":9,"stat.drop.galacticraftcore.machine":1,"stat.mineBlock.minecraft.dirt":692,"stat.craftItem.ic2.dust":84,"stat.craftItem.ic2.nano_chestplate":0,"stat.mineBlock.galacticraftcore.fluid_pipe":1,"stat.craftItem.ic2.quantum_boots":0,"stat.pickup.ic2.single_use_battery":6,"stat.useItem.minecraft.cobblestone":961,"stat.pickup.galacticraftcore.aluminum_wire":23,"stat.useItem.ic2.chainsaw":82,"stat.pickup.ic2.reinforced_door":5,"stat.drop.energycontrol.portable_panel":1,"stat.useItem.galacticraftcore.rocket_workbench":6,"stat.mineBlock.buildcraftfactory.distiller":6,"stat.pickup.minecraft.iron_pickaxe":6,"stat.pickup.energycontrol.info_panel_extender":100,"stat.craftItem.minecraft.gold_ingot":8,"stat.pickup.minecraft.hopper":3,"stat.craftItem.ic2.plate":148,"stat.pickup.thermalexpansion.florb":4,"stat.pickup.minecraft.apple":5,"stat.useItem.minecraft.fireworks":118,"stat.pickup.minecraft.banner":3,"stat.useItem.appliedenergistics2.crafting_storage_64k":3,"stat.pickup.energycontrol.info_panel_advanced":2,"stat.pickup.minecraft.coal_block":32,"stat.craftItem.minecraft.bucket":1,"stat.drop.ic2.fluid_cell":19,"stat.craftItem.minecraft.planks":416,"stat.mineBlock.buildcrafttransport.pipe_void_fluid":65,"stat.craftItem.galacticraftcore.rocket_fins":0,"stat.mineBlock.minecraft.log":4,"stat.useItem.galacticraftcore.fluid_tank":40,"stat.pickup.appliedenergistics2.crafting_storage_64k":69,"stat.pickup.minecraft.red_flower":3,"stat.pickup.galacticraftcore.machine_tiered":2,"stat.useItem.ic2.iridium_drill":1985,"stat.pickup.exnihilocreatio.block_sieve":1,"stat.pickup.minecraft.wool":2,"stat.pickup.appliedenergistics2.part":351,"stat.craftItem.minecraft.cobblestone":0,"stat.pickup.ic2.ingot":67,"stat.mineBlock.energycontrol.info_panel_advanced":1,"stat.useItem.thermalexpansion.reservoir":45,"stat.mineBlock.minecraft.cobblestone":349,"stat.mineBlock.minecraft.yellow_flower":13,"stat.pickup.advanced_solar_panels.machines":112,"stat.drop.thermalfoundation.material":98,"stat.craftItem.minecraft.wool":13,"stat.craftItem.ic2.batpack":1,"stat.mineBlock.appliedenergistics2.quartz_ore":5,"stat.pickup.appliedenergistics2.molecular_assembler":76,"stat.drop.minecraft.cobblestone":78,"stat.useItem.minecraft.coal_block":1,"stat.mineBlock.ironchest.iron_chest":13,"stat.useItem.minecraft.stone_slab2":606,"stat.craftItem.buildcraftcore.wrench":0,"stat.craftItem.minecraft.furnace":8,"stat.pickup.thermalfoundation.ore":43,"stat.mineBlock.minecraft.clay":1,"stat.flyOneCm":2070570,"stat.pickup.appliedenergistics2.storage_cell_64k":3,"stat.timeSinceDeath":374820,"stat.craftItem.minecraft.iron_block":0,"stat.killEntity.Bat":4,"stat.pickup.thermalexpansion.dynamo":8,"stat.mineBlock.appliedenergistics2.spatial_pylon":3,"stat.mineBlock.galacticraftplanets.geothermal_generator":1,"stat.pickup.buildcraftcore.engine":40,"stat.mineBlock.minecraft.coal_ore":53,"stat.useItem.buildcrafttransport.pipe_gold_power":8,"stat.pickup.extrautils2.ingredients":6,"stat.pickup.minecraft.wooden_sword":4,"stat.mineBlock.minecraft.red_mushroom_block":5,"stat.ae2.ItemsInserted":26564,"stat.mineBlock.minecraft.ladder":4,"stat.pickup.buildcraftfactory.pump":4,"stat.sprintOneCm":3060264,"stat.mineBlock.extrautils2.powerbattery":4,"stat.drop.ic2.nuclear":6,"stat.pickup.ic2.resource":45,"stat.pickup.energycontrol.average_counter":2,"stat.mineBlock.minecraft.diamond_ore":19,"stat.pickup.minecraft.fireworks":1,"stat.craftItem.galacticraftcore.canister":0,"stat.drop.galacticraftcore.basic_item":16,"stat.craftItem.thermalfoundation.armor.legs_platinum":1,"stat.useItem.minecraft.ladder":6,"stat.pickup.extrautils2.suncrystal":13,"stat.craftItem.minecraft.dye":13,"stat.craftItem.minecraft.diamond_axe":1,"stat.mineBlock.minecraft.gold_ore":5,"stat.diveOneCm":186252,"stat.drop.minecraft.diamond_pickaxe":2,"stat.mineBlock.extrautils2.powertransmitter":4,"stat.craftItem.minecraft.ladder":6,"stat.mineBlock.energycontrol.holo_panel":2,"stat.drop.appliedenergistics2.molecular_assembler":59,"stat.craftItem.ic2.quantum_leggings":0,"stat.pickup.energycontrol.timer":1,"stat.mineBlock.galacticraftcore.machine":2,"stat.pickup.ic2.te":127,"stat.jump":8290,"stat.useItem.minecraft.sand":4,"stat.pickup.minecraft.coal":245,"stat.pickup.minecraft.iron_ingot":286,"stat.pickup.buildcraftfactory.tank":10,"stat.craftItem.minecraft.lever":10,"stat.pickup.appliedenergistics2.facade":222,"stat.pickup.ic2.crafting":474,"stat.pickup.minecraft.dirt":735,"stat.craftItem.appliedenergistics2.fluid_storage_cell_64k":2,"stat.useItem.minecraft.glass":18,"stat.pickup.minecraft.gold_ore":5,"stat.mineBlock.minecraft.lapis_ore":5,"stat.pickup.buildcrafttransport.pipe_gold_fluid":26,"stat.useItem.buildcraftcore.marker_volume":23,"stat.mineBlock.minecraft.red_flower":3,"stat.mineBlock.minecraft.sapling":8,"stat.pickup.minecraft.log2":114,"stat.pickup.ic2.rubber_wood":749,"stat.useItem.forge.bucketfilled":6,"stat.useItem.ic2.electric_hoe":7,"stat.pickup.appliedenergistics2.crafting_monitor":3,"stat.craftItem.minecraft.stone_slab":0,"stat.mineBlock.appliedenergistics2.molecular_assembler":17,"stat.pickup.minecraft.diamond_pickaxe":3,"stat.pickup.buildcrafttransport.pipe_wood_item":40,"stat.useItem.minecraft.gold_ore":2,"stat.pickup.buildcraftfactory.distiller":6,"stat.craftItem.ic2.nano_saber":0,"stat.craftItem.galacticraftcore.rocket_workbench":1,"stat.craftItem.ic2.nano_boots":0,"stat.pickup.ic2.upgrade":762,"stat.pickup.minecraft.ender_pearl":1,"stat.pickup.minecraft.ladder":8,"stat.pickup.minecraft.cooked_beef":1,"stat.pickup.galacticraftcore.fluid_pipe":1,"stat.useItem.minecraft.netherrack":4,"stat.pickup.extrautils2.powerbattery":4,"stat.pickup.energycontrol.portable_panel":2,"stat.pickup.ic2.cable":477,"stat.mobKills":15,"stat.pickup.minecraft.diamond":20,"stat.mineBlock.appliedenergistics2.crafting_storage_64k":5,"stat.craftItem.galacticraftcore.oxygen_mask":0,"stat.mineBlock.exnihilocreatio.block_sieve":1,"stat.useItem.galacticraftcore.enclosed":2,"stat.pickup.ic2.iridium_drill":12,"stat.craftItem.buildcraftcore.marker_volume":0,"stat.craftItem.advanced_solar_panels.machines":0,"stat.useItem.minecraft.soul_sand":1,"stat.craftItem.extrautils2.luxsaber":0,"stat.drop.ic2.crafting":5,"stat.mineBlock.ic2.rubber_wood":684,"stat.pickup.buildcrafttransport.pipe_gold_power":25,"stat.mineBlock.extrautils2.compressedcobblestone":1,"stat.useItem.minecraft.planks":11,"stat.pickup.minecraft.glowstone_dust":1,"stat.pickup.minecraft.porkchop":17,"stat.useItem.thermalfoundation.ore":2,"stat.pickup.minecraft.glass":90,"stat.useItem.minecraft.water_bucket":14,"stat.pickup.minecraft.sand":10,"stat.useItem.appliedenergistics2.molecular_assembler":17,"stat.craftItem.galacticraftcore.landing_pad":0,"stat.pickup.minecraft.wooden_hoe":24,"stat.craftItem.minecraft.cobblestone_wall":0,"stat.aviateOneCm":1567391,"stat.craftItem.galacticraftcore.nose_cone":0,"stat.mineBlock.exnihilocreatio.block_infested_leaves":426,"stat.mineBlock.minecraft.sand":33,"stat.craftItem.galacticraftcore.item_basic_moon":1,"stat.hopperInspected":8,"stat.drop.ic2.treetap":1,"stat.craftItem.thermalfoundation.armor.plate_silver":1,"stat.pickup.ic2.plate":8,"stat.useItem.appliedenergistics2.crafting_monitor":1,"stat.craftItem.thermalfoundation.armor.boots_platinum":1,"stat.craftItem.thermalfoundation.material":32,"stat.pickup.ic2.rubber_boots":6,"stat.useItem.energycontrol.info_panel_extender":39,"stat.pickup.minecraft.filled_map":5,"stat.pickup.minecraft.furnace":11,"stat.useItem.ic2.fluid_cell":49,"stat.useItem.minecraft.redstone":19,"stat.mineBlock.buildcraftfactory.pump":2,"stat.pickup.ic2.dust":2,"stat.craftItem.ironchest.iron_chest":5,"stat.useItem.buildcrafttransport.pipe_wood_item":36,"stat.mineBlock.energycontrol.timer":1,"stat.mineBlock.minecraft.soul_sand":4,"stat.pickup.ironchest.iron_chest":13,"stat.useItem.extrautils2.glasscutter":2,"stat.craftItem.ic2.chainsaw":1,"stat.pickup.ic2.nano_saber":2,"stat.playOneMinute":1962520,"stat.pickup.appliedenergistics2.encoded_pattern":10,"stat.mineBlock.advanced_solar_panels.machines":7,"stat.useItem.ic2.foam_sprayer":10,"stat.pickup.ic2.nuclear":30,"stat.pickup.minecraft.netherrack":15,"stat.pickup.extrautils2.powertransmitter":4,"stat.mineBlock.appliedenergistics2.spatial_io_port":1,"stat.pickup.galacticraftcore.machine2":4,"stat.pickup.ic2.lzh_condensator":30,"stat.craftItem.appliedenergistics2.material":2,"stat.mineBlock.minecraft.netherrack":15,"stat.mineBlock.appliedenergistics2.cable_bus":242,"stat.drop.ic2.mining_laser":1,"stat.mineBlock.appliedenergistics2.charged_quartz_ore":4,"stat.pickup.energyconverters.energy_producer_rf":1,"stat.mineBlock.energycontrol.info_panel":22,"stat.fallOneCm":462675,"stat.drop.minecraft.stone":13,"stat.pickup.ic2.casing":1,"stat.craftItem.ic2.treetap":7,"stat.useItem.buildcrafttransport.pipe_gold_fluid":40,"stat.craftItem.minecraft.chest":1,"stat.mineBlock.minecraft.lever":31,"stat.pickup.minecraft.red_mushroom":3,"stat.pickup.exnihilocreatio.crook_wood":2,"stat.pickup.thermalexpansion.device":1,"stat.mineBlock.galacticraftcore.fluid_tank":21,"stat.useItem.ic2.nano_saber":22,"stat.craftItem.ic2.drill":0,"stat.mineBlock.ic2.resource":32,"stat.craftItem.ic2.quantum_chestplate":0,"stat.pickup.minecraft.feather":2,"stat.useItem.minecraft.furnace":7,"stat.craftItem.extrautils2.ingredients":0,"stat.useItem.ic2.rubber_wood":18,"stat.mineBlock.minecraft.gravel":16,"stat.useItem.minecraft.stone_pickaxe":113,"stat.useItem.ic2.air":18,"stat.craftItem.buildcraftcore.gear_stone":2,"stat.mineBlock.energycontrol.info_panel_extender":28,"stat.pickup.energycontrol.holo_panel":2,"stat.pickup.minecraft.crafting_table":1,"stat.pickup.galacticraftcore.view_screen":2,"stat.craftItem.minecraft.crafting_table":4,"stat.pickup.galacticraftcore.rocket_workbench":1,"stat.pickup.buildcraftcore.wrench":2,"stat.pickup.minecraft.log":2,"stat.drop.extrautils2.suncrystal":11,"stat.mineBlock.galacticraftcore.basic_block_core":33,"stat.craftItem.minecraft.stone_button":0,"stat.craftItem.ic2.iridium_drill":1,"stat.pickup.galacticraftplanets.mars_machine":3,"stat.pickup.minecraft.sapling":24,"stat.drop.exnihilocreatio.crook_wood":1,"stat.mineBlock.energycontrol.average_counter":2,"stat.sneakTime":20267,"stat.pickup.ic2.sapling":28,"stat.pickup.minecraft.yellow_flower":14,"stat.pickup.buildcraftsilicon.plug_facade":67,"stat.pickup.minecraft.chest":2,"stat.useItem.energycontrol.info_panel":25,"stat.drop.minecraft.stone_pickaxe":1,"stat.pickup.ic2.electric_wrench":10,"stat.pickup.minecraft.bone":4,"stat.useItem.minecraft.log2":39,"stat.useItem.buildcrafttransport.pipe_gold_item":23,"stat.craftItem.ic2.jetpack_electric":1,"stat.pickup.galacticraftplanets.telepad_short":1,"stat.useItem.galacticraftcore.aluminum_wire":22,"stat.craftItem.extrautils2.compressedcobblestone":0,"stat.swimOneCm":92749,"stat.climbOneCm":119250,"stat.pickup.ic2.jetpack_electric":2,"stat.craftItem.galacticraftcore.compact_workbench":1,"stat.craftItem.ic2.fluid_cell":16,"stat.craftItem.galacticraftcore.machine4":0,"stat.pickup.thermalexpansion.machine":15,"stat.craftItem.extrautils2.suncrystal":0,"stat.drop.energycontrol.info_panel_extender":65,"stat.ae2.ItemsExtracted":15326,"stat.useItem.minecraft.dirt":114,"stat.mineBlock.buildcraftfactory.tank":15,"stat.pickup.ic2.fluid_cell":479,"stat.pickup.thermalfoundation.armor.plate_silver":1,"stat.craftItem.ic2.nano_leggings":0,"stat.useItem.ic2.meter":57,"stat.pickup.minecraft.anvil":3,"stat.craftItem.galacticraftcore.air_vent":1,"stat.useItem.minecraft.iron_ore":1,"stat.pickup.appliedenergistics2.controller":1,"stat.craftItem.minecraft.stone_pickaxe":2,"stat.pickup.minecraft.cobblestone":2144,"stat.mineBlock.buildcraftcore.engine":28,"stat.pickup.thermalfoundation.armor.plate_lead":1,"stat.pickup.appliedenergistics2.spatial_io_port":1,"stat.craftItem.ic2.rotor_iron":1,"stat.mineBlock.buildcraftbuilders.quarry":9,"stat.pickup.minecraft.soul_sand":7,"stat.pickup.appliedenergistics2.material":49,"stat.mineBlock.galacticraftcore.enclosed":3,"stat.pickup.minecraft.redstone":118,"stat.mineBlock.minecraft.iron_ore":21,"stat.pickup.minecraft.mutton":1,"stat.pickup.galacticraftcore.fluid_tank":43,"stat.useItem.minecraft.lever":24,"stat.pickup.minecraft.cake":1,"stat.pickup.buildcrafttransport.pipe_wood_fluid":3,"stat.mineBlock.thermalfoundation.ore":41,"stat.useItem.advanced_solar_panels.machines":49,"stat.pickup.galacticraftcore.basic_block_core":144,"stat.drop.minecraft.dirt":2,"stat.pickup.buildcrafttransport.pipe_void_item":1,"stat.mineBlock.thermalexpansion.device":1,"stat.mineBlock.minecraft.nether_brick":1,"stat.pickup.galacticraftcore.rocket_fins":8,"stat.craftItem.ic2.casing":142,"stat.pickup.buildcraftbuilders.quarry":9,"stat.craftItem.minecraft.stone_slab2":0,"stat.pickup.galacticraftcore.enclosed":3,"stat.craftItem.minecraft.stick":56,"stat.pickup.exnihilocreatio.item_material":4,"stat.pickup.minecraft.grass":5,"stat.mineBlock.minecraft.crafting_table":2,"stat.useItem.minecraft.diamond_pickaxe":1263,"stat.drop.ic2.dust":1,"stat.mineBlock.minecraft.planks":4,"stat.drop":98,"stat.craftItem.thermalexpansion.florb":4,"stat.craftItem.buildcraftfactory.tank":0,"stat.killEntity.Sheep":1,"stat.pickup.energycontrol.item_upgrade":145,"stat.pickup.galacticraftplanets.geothermal_generator":1,"stat.craftItem.minecraft.diamond_pickaxe":2,"stat.useItem.exnihilocreatio.crook_wood":52,"stat.drop.minecraft.wooden_pickaxe":1,"stat.pickup.minecraft.gravel":7,"stat.pickup.galacticraftcore.air_vent":1,"stat.mineBlock.galacticraftcore.machine_tiered":2,"stat.useItem.minecraft.diamond_axe":786,"stat.mineBlock.minecraft.anvil":2,"stat.pickup.energycontrol.info_panel":85,"stat.pickup.extrautils2.user":4,"stat.drop.ic2.electric_wrench":9,"stat.craftItem.ic2.forge_hammer":2,"stat.useItem.minecraft.wooden_hoe":1,"stat.useItem.extrautils2.luxsaber":15,"stat.craftItem.minecraft.iron_helmet":0,"stat.drop.minecraft.glass":6,"stat.pickup.minecraft.iron_ore":166,"stat.craftItem.galacticraftcore.fluid_tank":0,"stat.craftItem.minecraft.flint_and_steel":0,"stat.pickup.buildcraftcore.fragile_fluid_shard":80,"stat.pickup.energycontrol.item_card":69,"stat.mineBlock.minecraft.leaves2":61,"stat.pickup.minecraft.leather":2,"stat.drop.ic2.iridium_drill":13,"stat.mineBlock.minecraft.furnace":11,"stat.useItem.minecraft.wooden_pickaxe":22,"stat.craftItem.buildcrafttransport.pipe_wood_item":8,"stat.mineBlock.extrautils2.user":3,"stat.pickup.minecraft.reeds":7,"stat.pickup.buildcraftcore.marker_volume":37,"stat.damageDealt":3681,"stat.useItem.ic2.resource":1,"stat.killEntity.Pig":6,"stat.useItem.buildcraftcore.engine":9,"stat.craftItem.buildcraftfactory.pump":0,"stat.pickup.energycontrol.remote_thermo":1,"stat.mineBlock.energycontrol.energy_counter":11,"stat.walkOneCm":1693555,"stat.pickup.galacticraftcore.heavy_plating":49,"stat.playerKills":1,"stat.mineBlock.ic2.te":178,"stat.pickup.minecraft.stick":7,"stat.useItem.galacticraftcore.landing_pad":8,"stat.pickup.energycontrol.energy_counter":12,"stat.drop.appliedenergistics2.material":6,"stat.pickup.minecraft.clay_ball":4,"stat.drop.energycontrol.item_kit":1,"stat.drop.ic2.te":1,"stat.useItem.ic2.te":20,"stat.mineBlock.appliedenergistics2.controller":1,"stat.pickup.galacticraftcore.basic_item":2,"stat.pickup.appliedenergistics2.spatial_storage_cell_128_cubed":1,"stat.drop.ic2.ingot":3,"stat.pickup.minecraft.stone":461,"stat.mineBlock.galacticraftplanets.mars_machine":3,"stat.mineBlock.minecraft.wool":1,"stat.pickup.ic2.treetap":2,"stat.pickup.ic2.forge_hammer":3,"stat.pickup.minecraft.gold_ingot":14,"stat.pickup.energycontrol.item_kit":2,"stat.craftItem.ic2.crafting":15,"stat.pickup.ic2.wind_meter":3,"stat.pickup.galacticraftcore.rocket_t1":1,"stat.pickup.galacticraftcore.canvas":2,"stat.pickup.minecraft.bread":1,"stat.mineBlock.galacticraftcore.machine2":4,"stat.craftItem.ic2.resource":10,"stat.mineBlock.buildcraftcore.marker_volume":26,"stat.pickup.minecraft.water_bucket":2,"stat.craftItem.buildcrafttransport.pipe_gold_power":14,"stat.craftItem.thermalfoundation.armor.legs_silver":1,"stat.mineBlock.minecraft.leaves":11,"stat.mineBlock.galacticraftplanets.telepad_short":1,"stat.useItem.appliedenergistics2.part":564,"stat.pickup.exnihilocreatio.block_infested_leaves":292,"stat.mineBlock.minecraft.redstone_ore":5,"stat.craftItem.thermalfoundation.armor.plate_platinum":1,"stat.craftItem.galacticraftcore.basic_item":4,"stat.craftItem.ic2.diamond_drill":0,"stat.mineBlock.minecraft.stone":1557}