{"stat.leaveGame":36,"stat.mineBlock.ic2.sapling":2,"stat.drop.minecraft.redstone":13,"stat.drop.minecraft.feather":1,"stat.craftItem.extrautils2.endershard":0,"stat.craftItem.thermalfoundation.armor.boots_aluminum":1,"stat.pickup.minecraft.rotten_flesh":2,"stat.mineBlock.galacticraftcore.aluminum_wire":2,"stat.pickup.minecraft.bucket":2,"stat.mineBlock.energycontrol.remote_thermo":2,"stat.useItem.minecraft.anvil":1,"stat.useItem.minecraft.iron_pickaxe":436,"stat.pickup.extrautils2.endershard":5,"stat.mineBlock.galacticraftcore.view_screen":3,"stat.craftItem.minecraft.glass_pane":16,"stat.drop.buildcrafttransport.pipe_wood_item":1,"stat.pickup.energycontrol.thermal_monitor":3,"stat.mineBlock.minecraft.hopper":1,"stat.pickup.thermalfoundation.material":170,"stat.pickup.minecraft.wooden_shovel":3,"stat.furnaceInteraction":143,"stat.craftItem.ic2.te":15,"stat.pickup.buildcrafttransport.pipe_gold_item":3,"stat.pickup.minecraft.beef":4,"stat.craftItem.ic2.reinforced_door":1,"stat.useItem.minecraft.trapdoor":2,"stat.useItem.galacticraftplanets.bucket_sulphuric_acid":1,"stat.drop.ic2.cable":2,"stat.craftItem.thermalfoundation.armor.legs_lead":1,"stat.drop.buildcraftcore.fragile_fluid_shard":4,"stat.useItem.minecraft.flint_and_steel":1,"stat.pickup.ic2.misc_resource":21,"stat.craftItem.minecraft.dropper":0,"stat.mineBlock.ic2.leaves":56,"stat.pickup.ic2.filled_tin_can":4,"stat.pickup.minecraft.lever":7,"stat.deaths":8,"stat.useItem.ic2.treetap":1,"stat.pickup.minecraft.egg":4,"stat.craftItem.minecraft.item_frame":1,"stat.craftItem.minecraft.iron_pickaxe":3,"stat.craftItem.galacticraftcore.aluminum_wire":0,"stat.craftItem.minecraft.repeater":0,"stat.mineBlock.minecraft.tallgrass":4,"stat.chestOpened":16,"stat.useItem.ic2.cable":44,"stat.useItem.minecraft.stone":42,"stat.pickup.extrautils2.compressedcobblestone":2,"stat.pickup.galacticraftcore.machine":6,"stat.crouchOneCm":44251,"stat.craftItem.ic2.cable":79,"stat.drop.energycontrol.info_panel":2,"stat.craftItem.minecraft.iron_ingot":129,"stat.craftItem.minecraft.hopper":1,"stat.drop.minecraft.slime_ball":1,"stat.craftingTableInteraction":244,"stat.craftItem.thermalfoundation.armor.plate_aluminum":1,"stat.pickup.minecraft.wooden_pickaxe":5,"stat.mineBlock.minecraft.log2":31,"stat.drop.ic2.plate":8,"stat.pickup.minecraft.planks":66,"stat.pickup.minecraft.wheat_seeds":1,"stat.pickup.thermalfoundation.armor.plate_aluminum":1,"stat.pickup.ic2.mining_laser":1,"stat.mineBlock.minecraft.dirt":116,"stat.craftItem.galacticraftplanets.item_basic_asteroids":0,"stat.pickup.ic2.single_use_battery":4,"stat.useItem.minecraft.cobblestone":192,"stat.useItem.minecraft.gravel":1,"stat.pickup.galacticraftcore.aluminum_wire":2,"stat.pickup.ic2.reinforced_door":3,"stat.drop.energycontrol.portable_panel":6,"stat.craftItem.exnihilocreatio.block_sieve":1,"stat.pickup.energycontrol.info_panel_extender":2,"stat.craftItem.minecraft.gold_ingot":6,"stat.pickup.minecraft.hopper":4,"stat.craftItem.ic2.plate":120,"stat.pickup.minecraft.apple":4,"stat.pickup.minecraft.banner":1,"stat.pickup.energycontrol.info_panel_advanced":1,"stat.craftItem.minecraft.bucket":0,"stat.drop.ic2.fluid_cell":5,"stat.craftItem.minecraft.planks":120,"stat.mineBlock.buildcrafttransport.pipe_void_fluid":1,"stat.mineBlock.minecraft.log":13,"stat.craftItem.ic2.re_battery":1,"stat.craftItem.thermalexpansion.frame":1,"stat.useItem.ic2.iridium_drill":151,"stat.pickup.minecraft.wool":12,"stat.pickup.appliedenergistics2.part":27,"stat.drop.galacticraftcore.parachute":1,"stat.pickup.ic2.ingot":124,"stat.mineBlock.energycontrol.info_panel_advanced":1,"stat.mineBlock.minecraft.cobblestone":116,"stat.mineBlock.minecraft.pumpkin":8,"stat.pickup.minecraft.stone_pickaxe":1,"stat.mineBlock.minecraft.yellow_flower":1,"stat.drop.thermalfoundation.material":1,"stat.craftItem.minecraft.wool":1,"stat.craftItem.thermalfoundation.armor.plate_lead":1,"stat.mineBlock.appliedenergistics2.quartz_ore":3,"stat.craftItem.thermalexpansion.augment":0,"stat.drop.minecraft.cobblestone":5,"stat.pickup.minecraft.cooked_porkchop":7,"stat.useItem.minecraft.obsidian":10,"stat.mineBlock.ironchest.iron_chest":2,"stat.useItem.minecraft.stone_slab2":151,"stat.craftItem.minecraft.furnace":8,"stat.pickup.thermalfoundation.ore":52,"stat.flyOneCm":268255,"stat.timeSinceDeath":4384,"stat.craftItem.thermalfoundation.tool.axe_lead":1,"stat.craftItem.minecraft.iron_block":3,"stat.pickup.buildcraftcore.engine":3,"stat.mineBlock.minecraft.coal_ore":39,"stat.drop.minecraft.wool":1,"stat.pickup.minecraft.wooden_sword":4,"stat.pickup.minecraft.string":117,"stat.ae2.ItemsInserted":7319,"stat.craftItem.thermalfoundation.armor.helmet_lead":1,"stat.useItem.thermalfoundation.tool.axe_lead":92,"stat.mineBlock.minecraft.ladder":2,"stat.craftItem.galacticraftplanets.thermal_padding":0,"stat.sprintOneCm":499101,"stat.pickup.ic2.resource":67,"stat.drop.energycontrol.card_holder":1,"stat.mineBlock.minecraft.diamond_ore":1,"stat.pickup.minecraft.fireworks":1,"stat.craftItem.galacticraftcore.canister":0,"stat.drop.galacticraftcore.basic_item":1,"stat.useItem.minecraft.ladder":2,"stat.pickup.extrautils2.suncrystal":1,"stat.mineBlock.minecraft.gold_ore":8,"stat.diveOneCm":29961,"stat.craftItem.ic2.cutter":1,"stat.craftItem.minecraft.ladder":3,"stat.mineBlock.energycontrol.holo_panel":1,"stat.pickup.minecraft.sign":3,"stat.pickup.energycontrol.timer":1,"stat.mineBlock.galacticraftcore.machine":8,"stat.craftItem.galacticraftcore.canvas":0,"stat.pickup.ic2.te":21,"stat.craftItem.thermalexpansion.machine":1,"stat.craftItem.minecraft.diamond_sword":0,"stat.jump":4387,"stat.useItem.minecraft.sand":2,"stat.pickup.minecraft.coal":57,"stat.craftItem.minecraft.lever":1,"stat.pickup.appliedenergistics2.facade":33,"stat.pickup.ic2.crafting":14,"stat.drop.energycontrol.item_card":6,"stat.pickup.minecraft.dirt":163,"stat.drop.thermalexpansion.augment":1,"stat.pickup.minecraft.gold_ore":8,"stat.useItem.minecraft.sapling":2,"stat.craftItem.thermalfoundation.armor.helmet_aluminum":1,"stat.craftItem.thermalfoundation.armor.boots_lead":1,"stat.useItem.buildcraftcore.marker_volume":1,"stat.craftItem.buildcraftcore.engine":4,"stat.mineBlock.minecraft.sapling":2,"stat.pickup.minecraft.log2":31,"stat.pickup.ic2.rubber_wood":9,"stat.craftItem.ic2.rubber_boots":0,"stat.useItem.forge.bucketfilled":5,"stat.craftItem.exnihilocreatio.crook_wood":1,"stat.craftItem.galacticraftcore.parachute":0,"stat.craftItem.galacticraftcore.fluid_pipe":0,"stat.pickup.buildcrafttransport.pipe_wood_item":1,"stat.drop.minecraft.netherrack":1,"stat.drop.ic2.resource":5,"stat.pickup.ic2.upgrade":202,"stat.pickup.minecraft.ladder":4,"stat.pickup.minecraft.cooked_beef":5,"stat.useItem.minecraft.netherrack":22,"stat.pickup.energycontrol.portable_panel":6,"stat.drop.minecraft.lever":4,"stat.pickup.ic2.cable":30,"stat.mineBlock.minecraft.glowstone":64,"stat.mobKills":15,"stat.pickup.minecraft.diamond":3,"stat.craftItem.galacticraftcore.oxygen_mask":1,"stat.drop.galacticraftcore.oxygen_gear":1,"stat.pickup.ic2.iridium_drill":2,"stat.craftItem.buildcraftcore.marker_volume":0,"stat.useItem.minecraft.soul_sand":1,"stat.drop.ic2.crafting":12,"stat.mineBlock.ic2.rubber_wood":9,"stat.pickup.buildcrafttransport.pipe_gold_power":2,"stat.useItem.minecraft.planks":1,"stat.pickup.minecraft.glowstone_dust":195,"stat.pickup.minecraft.porkchop":2,"stat.useItem.thermalfoundation.ore":2,"stat.pickup.minecraft.glass":6,"stat.useItem.minecraft.water_bucket":1,"stat.pickup.minecraft.sand":5,"stat.pickup.minecraft.wooden_hoe":28,"stat.drop.appliedenergistics2.part":1,"stat.mineBlock.exnihilocreatio.block_infested_leaves":86,"stat.mineBlock.minecraft.sand":5,"stat.hopperInspected":6,"stat.craftItem.thermalfoundation.material":44,"stat.pickup.minecraft.furnace":4,"stat.pickup.ic2.dust":21,"stat.pickup.ic2.hazmat_helmet":1,"stat.useItem.ic2.sapling":6,"stat.drop.minecraft.wooden_hoe":2,"stat.craftItem.ironchest.iron_chest":4,"stat.drop.minecraft.fireworks":1,"stat.useItem.buildcrafttransport.pipe_wood_item":1,"stat.mineBlock.energycontrol.timer":1,"stat.mineBlock.minecraft.soul_sand":2,"stat.pickup.ironchest.iron_chest":3,"stat.playOneMinute":1015096,"stat.pickup.minecraft.blaze_rod":1,"stat.pickup.ic2.hazmat_chestplate":1,"stat.pickup.minecraft.netherrack":47,"stat.pickup.minecraft.pumpkin":9,"stat.pickup.galacticraftcore.machine2":1,"stat.drop.minecraft.hopper":1,"stat.drop.energycontrol.holo_panel":2,"stat.craftItem.appliedenergistics2.material":6,"stat.mineBlock.minecraft.netherrack":48,"stat.mineBlock.appliedenergistics2.cable_bus":23,"stat.drop.ic2.mining_laser":1,"stat.mineBlock.energycontrol.info_panel":1,"stat.pickup.minecraft.cooked_chicken":2,"stat.fallOneCm":74181,"stat.drop.minecraft.stone":2,"stat.pickup.ic2.casing":25,"stat.craftItem.minecraft.chest":4,"stat.mineBlock.minecraft.lever":1,"stat.mineBlock.ic2.resource":56,"stat.pickup.minecraft.feather":7,"stat.drop.buildcraftsilicon.plug_facade":65,"stat.useItem.minecraft.furnace":6,"stat.craftItem.extrautils2.ingredients":0,"stat.mineBlock.minecraft.gravel":2,"stat.useItem.minecraft.stone_pickaxe":131,"stat.mineBlock.energycontrol.info_panel_extender":1,"stat.useItem.minecraft.wool":1,"stat.pickup.energycontrol.holo_panel":2,"stat.craftItem.thermalfoundation.armor.legs_aluminum":1,"stat.drop.appliedenergistics2.facade":42,"stat.mineBlock.energycontrol.thermal_monitor":3,"stat.drop.minecraft.stick":12,"stat.useItem.galacticraftplanets.bucket_sludge":1,"stat.useItem.minecraft.log":3,"stat.pickup.minecraft.crafting_table":4,"stat.pickup.galacticraftcore.view_screen":4,"stat.craftItem.minecraft.crafting_table":2,"stat.drop.ironchest.iron_chest":1,"stat.drop.ic2.advanced_re_battery":1,"stat.pickup.minecraft.log":13,"stat.mineBlock.galacticraftcore.basic_block_core":63,"stat.craftItem.minecraft.stone_button":2,"stat.pickup.galacticraftcore.oxygen_concentrator":1,"stat.pickup.minecraft.sapling":10,"stat.drop.exnihilocreatio.crook_wood":1,"stat.sneakTime":26102,"stat.drop.minecraft.bucket":2,"stat.pickup.ic2.sapling":9,"stat.craftItem.galacticraftcore.oxygen_concentrator":0,"stat.pickup.minecraft.bone":3,"stat.useItem.minecraft.log2":5,"stat.useItem.buildcrafttransport.pipe_gold_item":1,"stat.craftItem.ic2.jetpack_electric":0,"stat.craftItem.extrautils2.glasscutter":0,"stat.useItem.galacticraftcore.aluminum_wire":3,"stat.craftItem.extrautils2.compressedcobblestone":0,"stat.swimOneCm":78664,"stat.climbOneCm":66280,"stat.craftItem.ic2.fluid_cell":0,"stat.craftItem.galacticraftcore.machine2":0,"stat.craftItem.extrautils2.suncrystal":0,"stat.drop.energycontrol.info_panel_extender":1,"stat.ae2.ItemsExtracted":7964,"stat.useItem.minecraft.dirt":54,"stat.drop.buildcraftcore.engine":2,"stat.pickup.ic2.fluid_cell":7,"stat.craftItem.galacticraftcore.air_vent":0,"stat.pickup.minecraft.anvil":1,"stat.craftItem.minecraft.trapdoor":2,"stat.pickup.minecraft.cobblestone":821,"stat.craftItem.galacticraftcore.oxygen_gear":0,"stat.mineBlock.buildcraftcore.engine":2,"stat.mineBlock.buildcraftbuilders.quarry":1,"stat.pickup.minecraft.soul_sand":5,"stat.pickup.appliedenergistics2.material":12,"stat.craftItem.ic2.ingot":36,"stat.drop.minecraft.wheat_seeds":1,"stat.craftItem.minecraft.wooden_slab":6,"stat.pickup.minecraft.redstone":61,"stat.mineBlock.minecraft.iron_ore":21,"stat.pickup.minecraft.mutton":11,"stat.useItem.minecraft.lever":1,"stat.pickup.minecraft.cake":3,"stat.mineBlock.thermalfoundation.ore":52,"stat.pickup.galacticraftcore.basic_block_core":63,"stat.drop.minecraft.dirt":14,"stat.pickup.minecraft.trapdoor":1,"stat.craftItem.ic2.casing":22,"stat.pickup.buildcraftbuilders.quarry":1,"stat.craftItem.minecraft.stick":100,"stat.pickup.exnihilocreatio.item_material":2,"stat.pickup.minecraft.grass":18,"stat.mineBlock.minecraft.crafting_table":2,"stat.useItem.minecraft.diamond_pickaxe":806,"stat.drop.extrautils2.endershard":5,"stat.mineBlock.minecraft.planks":1,"stat.drop":261,"stat.killEntity.Sheep":9,"stat.craftItem.galacticraftcore.machine":0,"stat.pickup.minecraft.slime_ball":5,"stat.pickup.energycontrol.item_upgrade":9,"stat.craftItem.minecraft.diamond_pickaxe":1,"stat.useItem.exnihilocreatio.crook_wood":104,"stat.craftItem.minecraft.piston":5,"stat.pickup.minecraft.gravel":5,"stat.drop.minecraft.cooked_beef":3,"stat.pickup.energycontrol.info_panel":5,"stat.craftItem.ic2.forge_hammer":4,"stat.useItem.minecraft.wooden_hoe":9,"stat.drop.buildcrafttransport.pipe_gold_power":2,"stat.craftItem.minecraft.iron_helmet":1,"stat.pickup.minecraft.iron_ore":19,"stat.craftItem.minecraft.flint_and_steel":1,"stat.pickup.buildcraftcore.fragile_fluid_shard":36,"stat.pickup.energycontrol.item_card":13,"stat.mineBlock.minecraft.leaves2":5,"stat.pickup.minecraft.leather":11,"stat.drop.ic2.iridium_drill":1,"stat.mineBlock.minecraft.furnace":4,"stat.useItem.minecraft.wooden_pickaxe":4,"stat.craftItem.buildcrafttransport.pipe_wood_item":0,"stat.craftItem.extrautils2.user":0,"stat.damageDealt":1894,"stat.craftItem.minecraft.glass":29,"stat.useItem.ic2.resource":2,"stat.craftItem.minecraft.anvil":1,"stat.killEntity.Cow":4,"stat.killEntity.Pig":2,"stat.pickup.galacticraftplanets.thermal_padding":2,"stat.pickup.energycontrol.remote_thermo":3,"stat.walkOneCm":2228299,"stat.mineBlock.ic2.te":21,"stat.pickup.minecraft.stick":40,"stat.drop.energycontrol.item_kit":2,"stat.drop.ic2.te":13,"stat.useItem.ic2.te":18,"stat.pickup.galacticraftcore.basic_item":25,"stat.pickup.minecraft.stone":206,"stat.pickup.ic2.treetap":1,"stat.pickup.energycontrol.item_kit":17,"stat.craftItem.ic2.crafting":21,"stat.pickup.minecraft.bread":4,"stat.mineBlock.galacticraftcore.machine2":1,"stat.craftItem.ic2.resource":4,"stat.mineBlock.minecraft.leaves":27,"stat.useItem.appliedenergistics2.part":3,"stat.craftItem.galacticraftcore.basic_item":55,"stat.mineBlock.minecraft.stone":880}